OverallQual,GrLivArea,GarageArea,TotalBsmtSF,YearBuilt,YearRemodAdd,KitchenQual,GarageFinish,SalePrice
7,1710,548,856,2003,2003,3,2,208500
6,1262,460,1262,1976,1976,2,2,181500
7,1786,608,920,2001,2002,3,2,223500
7,1717,642,756,1915,1970,3,1,140000
8,2198,836,1145,2000,2000,3,2,250000
5,1362,480,796,1993,1995,2,1,143000
8,1694,636,1686,2004,2005,3,2,307000
7,2090,484,1107,1973,1973,2,0,200000
7,1774,468,952,1931,1950,2,1,129900
5,1077,205,991,1939,1950,2,2,118000
5,1040,384,1040,1965,1965,2,1,129500
9,2324,736,1175,2005,2006,4,3,345000
5,912,352,912,1962,1962,2,0,144000
7,1494,840,1494,2006,2007,3,2,279500
6,1253,352,1253,1960,1960,2,2,157000
7,854,576,832,1929,2001,2,1,132000
6,1004,480,1004,1970,1970,2,3,149000
4,1296,516,0,1967,1967,2,1,90000
5,1114,576,1114,2004,2004,3,1,159000
5,1339,294,1029,1958,1965,2,1,139000
8,2376,853,1158,2005,2006,3,2,325300
7,1108,280,637,1930,1950,3,1,139400
8,1795,534,1777,2002,2002,3,2,230000
5,1060,572,1040,1976,1976,2,0,129900
5,1060,270,1060,1968,2001,3,1,154000
8,1600,890,1566,2007,2007,3,2,256300
5,900,576,900,1951,2000,3,1,134800
8,1704,772,1704,2007,2008,3,0,306000
5,1600,319,1484,1957,1997,2,2,207500
4,520,240,520,1927,1950,1,1,68500
4,1317,250,649,1920,1950,2,1,40000
5,1228,271,1228,1966,2006,3,1,149350
8,1234,484,1234,2007,2007,3,2,179900
5,1700,447,1398,1959,1959,3,2,165500
9,1561,556,1561,2005,2005,4,3,277500
8,2452,691,1117,2004,2005,3,0,309000
5,1097,672,1097,1994,1995,2,1,145000
5,1297,498,1297,1954,1990,2,3,153000
5,1057,246,1057,1953,2007,3,1,109000
4,1152,0,0,1955,1955,1,0,82000
6,1324,440,1088,1965,1965,2,0,160000
5,1328,308,1350,1959,1959,2,0,170000
5,884,504,840,1983,1983,3,2,144000
5,938,308,938,1975,1980,2,1,130250
5,1150,300,1150,1959,1959,2,2,141000
9,1752,576,1752,2005,2005,4,2,319900
7,2149,670,1434,2003,2003,3,2,239686
8,1656,826,1656,2006,2006,3,0,249700
4,1452,0,736,1920,2008,2,0,113000
5,955,386,955,1966,1966,2,1,127000
6,1470,388,794,1997,1997,2,3,177000
6,1176,528,816,1934,1950,2,1,114500
5,816,516,816,1963,1963,2,1,110000
9,1842,894,1842,1981,1987,3,3,385000
5,1360,572,384,1955,1955,2,1,130000
6,1425,576,1425,1964,1964,2,2,180500
8,1739,480,970,1999,2000,3,3,172500
7,1720,565,860,2004,2004,3,2,196500
10,2945,641,1410,2006,2006,3,3,438780
5,780,352,780,1972,1972,2,1,124900
6,1158,576,1158,2004,2004,3,1,158000
5,1111,288,530,1920,1996,1,1,101000
8,1370,484,1370,2006,2006,3,2,202500
7,1710,480,576,1921,1950,2,1,140000
7,2034,645,1057,1997,1998,3,2,219500
8,2473,852,1143,2004,2005,3,0,317000
7,2207,576,1947,1970,1989,2,2,180000
7,1479,558,1453,2003,2003,3,2,226000
4,747,220,747,1945,1950,2,1,80000
7,2287,667,1304,1953,1953,2,3,225000
7,2223,516,2223,1973,1973,2,3,244000
4,845,360,845,1982,2006,2,1,129500
7,1718,427,832,1998,1998,2,3,185000
5,1086,490,1086,1954,2003,2,1,144900
3,1605,379,840,1915,1950,2,1,107400
4,988,297,462,1973,1973,2,1,91000
4,952,283,952,1956,1956,2,1,135750
5,1285,240,672,1948,2001,2,1,127000
4,1768,0,1768,1968,1968,2,0,136500
5,1230,440,440,1910,1981,2,1,110000
6,2142,509,896,1968,1968,3,3,193500
6,1337,405,1237,1998,1998,2,3,153500
8,1563,758,1563,2007,2007,3,2,245000
5,1065,461,1065,1960,1960,2,1,126500
7,1474,400,384,1995,1996,2,3,168500
8,2417,462,1288,1991,1992,3,1,260000
6,1560,400,684,2005,2005,3,3,174000
6,1224,528,612,2009,2009,3,2,164500
3,1526,0,1013,1915,1982,1,0,85000
4,990,0,990,1994,1995,2,0,123600
4,1040,420,0,1950,1950,2,1,109900
5,1235,480,1235,1961,1961,2,1,98600
5,964,432,876,1921,2006,2,1,163500
6,2291,506,1214,1910,1998,2,1,133900
6,1786,684,824,1997,1997,3,2,204750
6,1470,420,680,1993,1993,2,3,185000
7,1588,472,1588,1999,1999,3,2,214000
4,960,432,960,1965,1965,2,3,94750
5,835,366,458,1920,1950,2,1,83000
4,1225,0,950,1959,1959,2,0,128950
6,1610,480,1610,1977,2001,3,2,205000
6,1732,476,741,1985,1985,3,3,178000
5,1535,410,0,1979,1979,2,1,118964
7,1226,740,1226,2009,2009,3,2,198900
7,1818,240,1040,1931,1950,2,0,169500
8,1992,648,1053,2003,2004,3,2,250000
4,1047,273,641,1885,1995,2,1,100000
5,789,250,789,1948,1950,2,1,115000
5,1517,0,793,1919,2005,1,0,115000
6,1844,546,1844,1977,1977,2,2,190000
6,1855,325,994,1954,1972,2,1,136900
7,1430,400,384,2000,2000,2,3,180000
7,2696,792,1264,2007,2007,4,0,383970
6,2259,450,1809,1953,1953,3,1,217000
6,2320,180,1028,1945,2002,3,1,259500
6,1458,440,729,1999,1999,2,1,176000
5,1092,288,1092,1962,1962,2,1,139000
5,1125,430,1125,2006,2007,2,1,155000
7,3222,594,1673,1990,1990,3,1,320000
6,1456,390,728,2005,2006,3,3,163990
6,988,540,938,1969,1969,2,1,180000
4,1123,264,732,1939,1950,2,1,100000
6,1080,288,1080,1958,1958,2,1,136000
6,1199,530,1199,1993,1993,3,2,153900
6,1586,435,1362,1979,1998,2,1,181000
6,754,0,520,1935,1982,2,0,84500
6,958,440,1078,1976,1976,2,2,128000
5,840,0,672,1930,1950,2,0,87000
6,1348,453,660,1966,1966,2,2,155000
5,1053,750,1008,1958,1991,4,2,150000
7,2157,487,924,1966,1966,3,0,226000
6,2054,390,992,2000,2000,3,2,244000
5,1327,624,1063,1959,2002,3,1,150750
8,1296,471,1267,2001,2002,3,3,220000
5,1721,440,1461,1968,1993,2,2,180000
7,1682,530,1304,1970,1970,2,1,174000
5,1214,318,1214,1967,1967,2,2,143000
7,1959,766,1907,1988,1989,2,1,171000
8,1852,660,1004,1999,2000,3,3,230000
6,1764,470,928,1997,1997,3,2,231500
4,864,0,864,1971,1971,2,0,115000
7,1734,660,1734,2005,2005,3,0,260000
5,1385,720,910,1952,1952,2,1,166000
7,1501,577,1490,1999,1999,3,2,204000
5,1728,504,1728,1963,1963,2,1,125000
6,1709,380,970,2004,2006,3,1,130000
5,875,180,715,1931,1993,2,1,105000
7,2035,434,884,2001,2001,3,3,222500
7,1080,0,1080,2004,2005,3,0,141000
5,1344,240,896,1936,1950,2,0,115000
5,969,440,969,1975,1975,2,1,122000
8,1710,866,1710,2007,2008,3,2,372402
6,1993,495,825,1971,1971,2,2,190000
6,1252,564,1602,1960,1975,2,2,235000
6,1200,312,1200,1923,1950,2,1,125000
6,1096,0,572,1924,1950,2,0,79000
5,1040,625,0,1950,1950,2,1,109500
8,1968,680,774,2009,2010,4,3,269500
7,1947,678,991,2004,2005,3,2,254900
7,2462,576,1392,2005,2006,3,2,320000
6,1232,516,1232,1984,1984,2,1,162500
9,2668,726,1572,2003,2004,4,3,412500
7,1541,532,1541,2005,2005,3,0,220000
4,882,0,882,1956,1956,2,0,103200
6,1616,216,1149,1926,2004,3,1,152000
5,1355,0,644,1940,1999,2,0,127500
5,1867,303,1617,1955,1993,2,3,190000
8,2161,789,1582,2007,2007,4,3,325624
7,1720,440,840,2004,2004,3,3,183500
8,1707,511,1686,1981,1981,2,2,228000
5,1382,660,720,1941,1950,2,0,128500
6,1656,528,1080,1960,1960,2,3,215000
7,1767,504,1064,1987,1987,3,2,239000
6,1362,504,1362,1961,1961,2,0,163000
6,1651,616,1606,1986,1986,2,3,184000
6,2158,576,1202,1950,2001,3,1,243000
6,2060,521,1151,1988,1989,2,0,211000
5,1920,451,1052,1958,1958,3,1,172500
9,2234,1166,2216,2008,2009,4,3,501837
5,968,480,968,1923,2006,2,1,100000
6,1525,440,756,2000,2000,3,1,177000
7,1802,216,793,1920,1950,2,1,200100
5,1340,252,0,1957,2006,2,0,120000
7,2082,484,1362,2003,2003,3,1,200000
5,1252,576,504,1908,1991,2,1,127000
10,3608,840,1107,1892,1993,4,1,475000
7,1217,497,1188,1990,1991,3,1,173000
5,1656,180,660,1916,1987,2,1,135000
5,1224,528,1086,1979,1979,2,1,153337
8,1593,682,1593,2001,2002,4,3,286000
8,2727,440,853,1932,1994,3,1,315000
7,1479,484,725,1972,2004,3,3,184000
7,1431,666,1431,1999,1999,3,3,192000
7,1709,380,970,2004,2004,3,1,130000
5,864,352,864,1972,1972,2,1,127000
6,1456,440,855,1976,1976,2,0,148500
7,1726,786,1726,2007,2007,4,0,311872
8,3112,795,1360,1918,1990,3,1,235000
6,2229,0,755,1912,1950,2,0,104000
8,1713,856,1713,2004,2005,4,3,274900
4,1121,440,1121,2003,2004,2,2,140000
6,1279,473,1196,1977,1977,2,1,171500
6,1310,398,617,1924,1950,2,1,112000
6,848,420,848,2004,2004,3,2,149000
5,1284,240,720,1947,1950,2,1,110000
7,1442,500,1424,1990,1990,2,0,180500
5,1696,349,1140,1962,1962,2,0,143900
4,1100,312,1100,1960,1960,2,2,141000
7,2062,454,1157,1988,1989,2,0,277000
6,1092,504,1092,1964,1964,2,2,145000
5,864,0,864,1925,1950,2,0,98000
6,1212,460,1212,2009,2009,3,2,186000
7,1852,644,900,2009,2009,3,2,252678
5,990,576,990,1995,1995,2,1,156000
6,1392,299,689,1977,1977,2,3,161750
5,1236,447,1070,1957,1996,3,1,134450
7,1436,484,1436,2004,2004,3,0,210000
4,1328,210,686,1925,1950,2,1,107000
7,1954,431,798,1939,2006,3,0,311500
7,1248,438,1248,2005,2006,3,3,167240
7,1498,675,1498,2006,2006,3,0,204900
6,2267,390,1010,2002,2002,3,2,200000
6,1552,434,713,1975,1975,2,2,179900
4,864,576,864,1971,1971,2,1,97000
10,2392,968,2392,2003,2003,4,3,386250
5,1302,280,630,1971,1971,2,1,112000
7,2520,721,1203,1995,1995,3,0,290000
6,987,280,483,1970,1970,2,1,106000
5,912,336,912,1967,1967,2,1,125000
7,1555,430,1373,2005,2006,3,3,192500
6,1194,312,1194,1959,1959,2,2,148000
8,2794,810,1462,1995,1996,4,3,403000
6,987,288,483,1972,1972,2,1,94500
5,894,308,894,1976,1976,2,1,128200
6,1960,440,860,2002,2002,3,3,216500
6,987,264,483,1971,1971,2,1,89500
7,1414,494,1414,2004,2004,3,2,185500
7,1744,457,996,1993,2003,3,2,194500
8,1694,818,1694,2007,2007,3,3,318000
6,1487,220,735,1945,1950,2,1,113000
8,1566,750,1566,2008,2008,3,2,262500
5,866,0,686,1945,1997,3,0,110500
5,1440,352,540,1900,1950,2,1,79000
6,1217,288,626,1980,1980,2,2,120000
7,2110,463,948,1994,2002,3,2,205000
7,1872,604,1845,1988,1988,2,0,241500
6,1928,440,1020,1910,1950,1,1,137000
6,1375,451,1367,1954,1954,2,1,140000
7,1668,500,840,2003,2003,3,2,180000
6,2144,389,1444,1958,2006,3,3,277000
3,1306,0,728,1940,1966,1,0,76500
8,1625,538,1573,2006,2007,3,0,235000
6,1640,520,798,2004,2004,3,2,173000
6,1302,309,1302,1964,1991,3,2,158000
5,1314,294,1314,1957,1957,2,2,145000
7,2291,429,975,1999,1999,3,3,230000
6,1728,673,864,2003,2003,3,2,207500
7,1604,660,1604,2006,2006,3,2,220000
7,1792,564,963,2001,2001,3,2,231500
5,882,308,0,1956,1956,2,1,97000
6,1382,884,1362,1962,1962,2,1,176000
8,2574,868,1482,2007,2007,4,3,276000
6,1212,492,506,1977,1995,2,1,151000
5,1316,484,926,1929,2001,2,1,130000
5,764,504,680,1925,2004,2,1,73000
6,1422,576,1422,1981,1981,3,3,175500
6,1511,413,802,1997,1997,2,3,185000
5,2192,240,720,1939,1997,3,0,179500
5,778,924,740,1940,1955,2,0,120500
6,1113,504,1143,1976,1976,2,2,148000
8,1939,1053,1095,2006,2006,3,2,266000
7,1363,439,1385,1954,2005,2,1,241500
8,2270,671,1152,1999,2007,3,3,290000
6,1632,338,1240,1958,1988,2,2,139000
5,816,264,816,1982,1982,2,1,124500
7,1548,672,952,1925,2007,4,0,205000
7,1560,573,1560,2003,2003,3,3,201000
4,864,400,864,1951,1951,2,1,141000
9,2121,732,2121,2006,2007,4,3,415298
7,2022,505,1160,1977,1977,2,3,192000
7,1982,575,807,1989,1989,3,0,228500
6,1262,572,1262,2006,2006,3,0,185000
7,1314,626,1314,2007,2008,3,2,207500
8,1468,898,1468,2008,2009,3,3,244600
6,1575,529,1575,1992,1992,3,2,179200
7,1250,528,625,2006,2007,3,2,164700
6,1734,440,912,1962,1981,3,0,159000
4,858,0,858,1971,1971,2,0,88000
5,900,280,882,1967,1967,2,1,122000
6,1396,384,698,1915,2003,2,1,153575
8,1919,685,1079,2006,2006,3,2,233230
5,1716,0,780,1912,2000,1,0,135900
5,1716,281,768,1949,2008,2,1,131000
7,2263,539,795,1977,1994,3,3,235000
6,1644,418,1416,1953,1953,2,3,167000
6,1003,588,1003,1984,1984,2,0,142500
5,1558,282,910,1950,1950,2,1,152000
7,1950,576,975,1997,1998,3,2,239000
6,1743,539,702,1968,1968,2,1,175000
6,1152,300,1092,1950,2004,3,1,158500
5,1336,375,1165,1953,1953,2,1,157000
8,2452,683,1028,1998,1999,3,3,267000
7,1541,843,1541,2001,2002,3,2,205000
5,894,552,894,1972,1972,2,1,149900
7,3493,870,1470,1880,2002,3,1,295000
8,2000,888,2000,2004,2005,3,0,305900
7,2243,746,700,1990,1991,3,2,225000
6,1406,0,319,1920,1950,1,0,89500
4,861,539,861,1940,1950,2,0,82500
9,1944,708,1896,2003,2004,4,3,360000
6,1501,420,697,1993,1994,3,3,165600
6,972,240,972,1948,2002,2,1,132000
5,1118,410,793,1939,1950,2,1,119900
7,2036,513,2136,1965,1965,2,2,375000
7,1641,546,728,1925,1990,4,1,178000
7,1432,432,716,2004,2005,3,3,188500
7,2353,484,845,1980,1980,4,2,260000
8,1959,1025,1088,2006,2006,3,2,270000
7,2646,656,1347,1993,1993,3,2,260000
7,1472,588,1372,1980,1980,2,1,187500
9,2596,840,1249,2006,2006,3,2,342643
8,2468,872,1136,2004,2004,3,0,354000
7,2730,576,1502,1986,1987,3,0,301000
3,1163,220,1162,1955,2005,2,1,126175
7,2978,564,710,1967,2007,3,3,242000
5,803,360,720,1941,1950,2,1,87000
8,1719,473,1719,1993,1993,3,3,324000
6,1383,292,1383,1960,1960,2,0,145250
6,2134,441,844,1916,1994,3,1,214500
5,1192,189,596,1920,1950,2,1,78000
5,1728,352,1728,1964,1964,2,1,119000
5,1056,308,1056,1958,1992,2,2,139000
8,1629,880,3206,2003,2004,3,0,284000
7,1358,484,1358,2004,2004,3,2,207000
6,1638,472,943,1998,1998,2,3,192000
5,1786,529,1499,1965,1965,2,3,228950
9,1922,676,1922,2005,2006,3,3,377426
7,1536,532,1536,2002,2003,3,2,214000
7,1621,440,1208,1984,1998,3,0,202500
6,1215,297,1215,1958,1998,2,1,155000
8,1908,431,967,2002,2002,3,3,202900
4,841,294,721,1950,1950,2,1,82000
3,1040,400,0,1949,1950,2,1,87500
9,1684,564,1684,2005,2005,4,2,266000
5,1112,336,536,1976,1976,2,1,85000
6,1577,312,972,1939,1950,1,1,140200
6,958,301,958,1960,1998,2,2,151500
6,1478,498,1478,1960,1960,2,1,157500
7,1626,474,764,2003,2004,3,2,154000
9,2728,706,1848,2005,2006,4,3,437154
9,1869,617,1869,2007,2007,4,2,318061
7,1453,445,1453,1986,1986,3,2,190000
5,1111,200,616,1941,1950,2,1,95000
6,720,484,624,1928,2003,2,1,105900
6,1595,240,940,1940,2000,2,1,140000
6,1200,521,1200,1995,1995,3,2,177500
6,1167,400,1158,1992,1992,3,2,173000
5,1142,528,1142,1976,1976,2,3,134000
5,1352,288,1062,1958,1958,3,1,130000
8,1924,592,1086,1998,1998,3,2,280000
6,912,470,888,1978,1978,2,2,156000
5,1505,240,883,1940,1982,2,0,145000
7,1922,672,0,2003,2003,3,2,198500
6,987,264,483,1972,2007,3,1,118000
6,1574,566,796,1976,1976,2,3,190000
5,1344,468,672,1920,1997,2,1,147000
6,1394,514,1394,1963,1963,2,2,159000
6,1431,296,1099,1962,1962,2,2,165000
5,1268,244,1268,1954,1954,2,3,132000
5,1287,576,1063,1959,2006,3,3,162000
6,1664,460,953,2000,2000,2,2,172400
4,1588,680,0,1959,1959,2,3,134432
6,752,264,744,1984,1984,2,1,125000
5,1319,270,608,1953,1953,2,1,123000
7,1928,434,847,2003,2004,3,3,219500
1,904,0,683,1922,1950,1,0,61000
5,914,576,870,1996,1996,2,1,148000
8,2466,610,1580,2004,2005,3,2,340000
9,1856,834,1856,2010,2010,4,3,394432
6,1800,463,982,2000,2000,2,3,179000
5,1691,308,1026,1924,1950,3,1,127000
7,1301,572,1293,2006,2006,3,2,187750
7,1797,639,939,2006,2006,3,0,213500
6,784,360,784,1928,1950,2,1,76000
6,1953,501,1580,1992,1992,3,3,240000
8,1269,430,1256,2004,2005,3,3,192000
5,1184,0,658,1910,1996,2,0,81000
6,1125,352,1041,1976,1976,2,1,125000
7,1479,577,1468,1999,2000,3,2,191000
10,2332,846,1682,2007,2008,4,3,426000
5,1367,384,861,1900,1950,2,1,119000
6,1961,560,804,2001,2002,3,3,215000
5,882,294,0,1959,1959,2,2,106500
4,788,0,788,1941,1950,2,0,100000
5,1034,240,735,1940,1950,2,1,109000
5,1144,596,1144,1956,1956,2,1,129000
5,894,600,894,1972,1972,2,2,123000
5,1812,264,864,1962,1962,2,2,169500
5,1077,338,961,1920,1950,2,1,67000
7,1550,438,1092,2006,2007,3,3,241000
8,1288,500,1260,1996,1996,4,3,245500
7,1310,400,1310,2005,2005,3,3,164990
5,672,240,672,1940,1997,2,1,108000
8,2263,420,1141,1998,1998,3,3,258000
6,1572,373,806,1995,1996,2,3,168000
4,1620,490,1281,1976,1993,2,1,150000
6,1639,240,1064,1936,1950,2,1,115000
6,1680,308,840,1915,1976,2,0,177000
7,2172,947,1063,2006,2006,3,2,280000
8,2078,836,1034,2007,2008,4,3,339750
5,1276,350,1276,1958,1958,2,1,60000
5,1056,572,1056,1955,1955,2,3,145000
7,1478,484,1470,2009,2009,3,3,222000
5,1028,360,1008,1927,1950,2,1,115000
7,2097,678,1080,1993,1993,3,0,228000
7,1340,396,1340,2007,2007,3,3,181134
6,1400,440,672,1978,1978,2,3,149500
6,2624,864,1370,1918,1950,2,1,239000
5,1134,240,756,1940,1950,2,1,126000
5,1056,304,1056,1968,1968,2,1,142000
7,1344,784,1344,1997,1998,2,3,206300
6,1602,529,1602,1977,2000,3,3,215000
5,988,520,988,1954,1954,2,2,113000
8,2630,696,1470,1998,1998,3,0,315000
6,1196,297,1196,1956,1956,2,2,139000
7,1389,240,651,1946,1992,2,1,135000
7,1644,569,1518,1989,1989,3,3,275000
4,907,352,907,1957,1957,2,1,109008
7,1208,628,1208,2007,2007,3,2,195400
6,1412,576,1392,1988,1988,3,1,175000
6,987,264,483,1971,1971,2,1,85400
6,1198,0,901,1920,1998,2,0,79900
5,1365,440,765,1971,1971,2,1,122500
6,1604,470,926,1997,1998,2,3,181000
4,630,0,630,1972,1972,2,0,81000
7,1661,550,799,1996,1996,3,2,212000
6,1118,440,648,1920,1950,2,0,116000
6,904,180,884,1926,2004,2,1,119000
5,694,352,440,1913,2002,3,1,90350
6,1196,528,684,1920,2000,3,1,110000
10,2402,672,3094,2008,2008,4,3,555000
4,1440,0,1440,1955,1955,1,0,118000
5,1573,360,1078,1930,1992,2,1,162900
7,1258,648,1258,2006,2007,3,3,172500
7,1908,493,915,1994,1995,3,1,210000
6,1689,480,1436,1956,1956,2,1,127500
6,1888,578,1517,1966,2002,3,3,190000
7,1886,431,930,1998,1999,3,3,199900
6,1376,198,780,1937,1950,2,1,119500
3,1183,308,649,1948,2002,2,1,120000
6,813,270,813,1930,2005,3,1,110000
7,1533,576,1533,1975,1975,3,1,280000
6,1756,422,872,1996,1997,2,3,204000
8,1590,676,768,2008,2008,3,2,210000
5,1728,560,1728,1976,1976,2,1,188000
7,1242,528,1242,1973,1973,2,1,175500
5,1344,513,624,1916,1950,2,1,98000
4,1663,529,1364,1954,1994,3,0,256000
8,1666,228,588,1925,1996,3,1,161000
5,1203,352,709,1950,1950,3,1,110000
8,1935,552,832,2009,2009,2,3,263435
7,1135,576,560,1936,2007,3,2,155000
5,864,360,864,1965,1965,2,1,62383
6,1660,240,715,1934,1995,2,1,188700
5,1040,0,1040,1978,1978,2,0,124000
7,1414,398,1375,2004,2004,3,3,178740
7,1277,526,1277,1970,1970,2,1,167000
5,1644,312,728,1942,1995,3,1,146500
8,1634,866,1626,2006,2006,3,0,250000
6,1710,506,832,1993,1993,3,2,187000
8,1502,528,1488,1985,1985,3,2,212000
7,1969,534,808,1977,1977,2,2,190000
6,1072,525,547,2005,2005,2,0,148000
8,1976,908,1976,2006,2007,3,2,440000
8,1652,499,1494,2000,2000,4,2,251000
5,970,624,970,1963,1963,2,1,132500
6,1493,508,1478,1997,1998,3,3,208900
9,2643,694,2153,2006,2006,4,3,380000
8,1718,826,1705,2007,2008,3,2,297000
4,1131,672,907,1937,2000,2,1,89471
9,1850,772,1833,2004,2005,3,3,326000
9,1792,874,1792,2003,2004,4,3,374000
7,1826,164,910,1915,2005,4,1,155000
6,1216,402,1216,1998,1998,2,1,164000
5,999,264,999,1962,2001,3,1,132500
5,1113,264,1113,1950,2007,3,1,147000
5,1073,515,1073,1965,1965,2,2,156000
5,1484,487,1484,1971,1971,2,1,175000
5,2414,520,954,1900,1970,2,0,160000
4,630,286,630,1970,2002,3,1,86000
5,1304,336,264,1976,1976,2,3,115000
6,1578,240,806,1941,1950,1,1,133000
6,1456,429,728,2006,2006,2,2,172785
5,1269,308,1269,1960,1960,2,1,155000
5,886,273,190,1938,1996,2,1,91300
4,720,0,720,1920,1950,2,0,34900
8,3228,546,3200,1992,1993,3,0,430000
7,1820,240,1026,1925,1950,2,1,184000
5,899,288,864,1967,2004,3,3,130000
5,912,297,912,1958,1985,2,3,120000
6,1218,264,672,1973,1973,2,1,113000
7,1768,603,866,2005,2005,3,2,226700
5,1214,461,1214,1965,1965,2,1,140000
7,1801,484,1501,1959,1997,2,3,289000
6,1322,440,855,1974,1974,2,1,147000
5,1960,400,960,1952,1952,2,1,124500
8,1911,471,777,1993,1994,3,2,215000
6,1218,676,1218,2009,2009,3,3,208300
7,1378,360,689,1928,2005,3,1,161000
5,1041,270,1041,1959,1959,2,2,124500
5,1363,288,1008,1951,2000,2,1,164900
7,1368,474,1368,2005,2006,3,0,202665
5,864,624,864,1958,1958,2,0,129900
6,1080,484,1084,1983,1983,2,1,134000
5,789,200,768,1926,1950,2,1,96500
10,2020,900,2006,2009,2009,4,3,402861
6,2119,583,689,1972,1972,2,0,158000
7,2344,889,1264,1996,1997,3,2,265000
6,1796,546,794,1998,1998,2,2,211000
7,2080,282,1276,1926,2004,3,1,234000
4,1294,0,0,1900,2000,2,0,106250
6,1244,336,1244,1957,1957,2,1,150000
6,1664,420,1004,1947,1950,2,0,159000
10,4676,884,3138,2007,2008,4,3,184750
7,2398,834,1379,1996,1997,3,3,315750
7,1266,453,1257,2005,2005,3,1,176000
5,928,252,928,1956,2000,2,1,132000
9,2713,858,1452,2008,2008,4,3,446261
4,605,0,528,1920,2002,2,0,86000
6,2515,484,2035,1957,1975,2,0,200624
6,1509,600,1461,1988,1989,3,2,175000
6,1362,502,611,1920,1999,2,3,128000
5,827,392,0,1955,2007,2,0,107500
1,334,0,0,1946,1950,1,0,39300
8,1414,403,707,2004,2004,3,3,178000
5,1347,0,1117,1910,1991,2,0,107500
7,1724,527,880,1998,1999,3,3,188000
4,864,576,864,1972,1972,2,1,111250
5,1159,336,1051,1968,1968,2,1,158000
8,1601,670,1581,2001,2002,3,2,272000
9,1838,765,1838,2006,2006,4,0,315000
8,2285,648,969,2000,2000,3,3,248000
7,1680,583,1650,1998,1999,3,3,213250
7,767,367,723,1998,1998,2,3,133000
7,1496,426,654,2006,2006,3,2,179665
7,2183,786,1204,1988,1988,3,1,229000
6,1635,440,1065,1923,1950,2,1,210000
5,768,624,768,1970,1970,2,1,129500
5,825,720,825,1955,1995,2,2,125000
7,2094,615,912,2003,2004,3,3,263000
6,1069,440,1069,1977,1977,2,2,140000
5,928,288,928,1957,1957,2,3,112500
8,1717,908,1709,2006,2006,3,2,255500
4,1126,520,0,1949,2003,3,3,108000
7,2046,871,998,2003,2004,3,2,284000
5,1048,280,993,1922,1950,2,1,113000
5,1092,299,1092,1957,1957,2,3,141000
4,1336,570,637,1920,1950,2,1,108000
7,1446,406,729,1996,1997,2,1,175000
7,1557,420,1374,2003,2004,3,3,234000
5,1392,528,1392,1957,1996,2,1,121500
5,1389,418,1389,1974,1975,2,2,170000
5,996,0,996,1940,1969,2,0,108000
6,1674,396,1163,1918,1950,2,3,185000
7,2295,590,1095,1992,2000,3,2,268000
6,1647,216,806,1915,1950,1,1,128000
9,2504,656,1122,2005,2007,4,3,325000
7,1535,532,1517,2004,2004,3,2,214000
8,2132,612,1496,1983,2009,3,3,316600
5,943,600,943,1979,1979,2,1,135960
5,1728,576,1728,1965,1965,2,1,142600
6,864,288,864,1959,1959,3,1,120000
7,1692,650,846,2009,2009,3,2,224500
7,1430,400,384,2000,2000,2,2,170000
5,1109,288,372,1971,2005,2,1,139000
5,1216,336,832,1947,1950,2,1,118500
7,1477,216,861,1928,1950,2,1,145000
5,1320,564,1164,1966,1966,2,0,164500
7,1392,540,689,2007,2007,3,1,146000
5,1795,352,1050,1954,1954,2,1,131500
6,1429,572,1144,1960,1987,3,1,181900
8,2042,1390,2042,2008,2009,4,2,253293
6,816,0,816,1990,1990,2,0,118500
10,2775,880,1237,1893,2000,3,1,325000
4,1573,240,884,1935,1995,3,1,133000
8,2028,880,1868,2005,2006,3,2,369900
6,838,275,816,1918,2000,1,3,130000
5,860,528,840,1982,1982,2,1,137000
5,1473,452,1437,1968,2003,4,1,143000
5,935,308,742,1930,1960,2,1,79500
7,1582,520,770,2004,2004,3,2,185900
10,2296,842,1722,2008,2008,4,2,451950
5,816,816,816,1982,2003,2,3,138000
6,848,420,848,2003,2003,3,0,140000
5,924,280,924,1975,1975,2,1,110000
8,1826,758,1814,2005,2006,3,0,319000
6,1368,216,684,1910,1993,2,1,114504
7,1402,648,1258,2006,2007,3,3,194201
5,1647,621,1430,1977,1977,3,3,217500
6,1556,452,716,1980,1980,2,3,151000
8,1904,736,1058,2005,2005,4,3,275000
6,1375,544,780,1937,1950,3,1,141000
8,1915,506,908,1992,1992,3,3,220000
7,1200,480,600,2004,2005,3,2,151000
7,1494,530,1494,2002,2002,3,2,221000
7,1986,486,768,1965,1990,2,1,205000
5,1040,576,1040,1996,1996,3,0,152000
5,2008,230,896,1948,2002,4,1,225000
8,3194,380,965,1934,1998,2,1,359100
4,1029,261,1029,1961,1961,2,1,118500
9,2153,736,1440,2000,2000,4,3,313000
6,1032,564,1032,1978,1978,2,1,148000
8,1872,531,1299,2001,2001,4,2,261500
5,1120,0,1120,2007,2007,2,0,147000
4,630,0,630,1972,1972,2,0,75500
6,1054,480,936,1963,1963,3,2,137500
6,1509,393,783,2002,2003,3,3,183200
6,832,528,832,1954,1954,3,1,105500
9,1828,774,1822,2007,2007,3,1,314813
8,2262,749,1482,2003,2003,3,3,305000
3,864,0,864,1914,1950,2,0,67000
6,2614,624,1522,1974,1997,2,2,240000
5,980,484,980,1977,1977,2,1,135000
6,1512,440,756,2000,2000,3,1,168500
6,1790,484,732,1972,1972,2,2,165150
6,1116,440,1116,1962,1962,2,1,160000
5,1422,286,978,1960,1978,2,2,139900
6,1520,364,1156,1955,1972,2,2,153000
5,2080,504,1040,1969,1969,1,1,135000
6,1350,520,1248,1964,1964,2,2,168500
5,1750,240,636,1880,1991,4,1,124000
8,1554,627,1554,2006,2006,3,2,209500
7,1411,544,1386,1977,1977,2,3,82500
5,1056,260,1056,1954,2005,2,1,139400
6,1056,576,1056,1980,1980,2,1,144000
6,3395,0,1440,1914,1995,1,0,200000
2,800,0,264,1936,1950,1,0,60000
5,1387,256,811,1954,1954,3,1,93000
5,796,0,796,1910,1950,2,0,85000
8,1567,648,1520,2006,2006,4,3,264561
8,1518,588,1518,2003,2004,4,2,274000
7,1929,650,1057,2001,2001,3,3,226000
8,2704,538,1952,1972,1995,4,3,345000
5,1620,462,780,1969,1969,2,3,152000
9,1766,478,1766,2009,2009,4,3,370878
6,981,576,981,1971,1971,2,1,143250
5,1048,420,0,1950,1950,2,1,98300
6,1094,495,1094,1953,1953,2,0,155000
6,1839,442,756,1966,1966,2,1,155000
4,630,0,630,1970,1970,2,0,84500
7,1665,562,813,2007,2007,3,2,205950
4,1510,296,755,1940,1950,2,0,108000
7,1716,512,880,1996,1996,3,2,191000
6,1469,216,756,1906,1995,2,1,135000
8,2113,839,2109,1995,1995,3,3,350000
6,1092,264,525,1971,1971,2,1,88000
5,1053,312,1053,1959,2006,3,2,145500
7,1502,270,776,1931,2000,2,2,149000
6,1458,330,912,1948,1950,2,1,97500
5,1486,480,1486,1964,1999,2,3,167000
7,1935,550,793,1976,1976,2,2,197900
8,2448,711,1629,1994,2005,3,2,402000
6,1392,576,1392,1968,1968,2,2,110000
4,1181,588,1138,1972,1972,2,2,137500
8,2097,1134,2077,2005,2006,4,3,423000
8,1936,504,1406,2000,2000,3,2,230500
6,2380,596,1021,1965,1979,2,1,129000
6,1679,575,1408,1994,1998,3,2,193500
5,1437,576,1188,1956,1987,2,1,168000
4,1180,252,700,1922,1950,1,1,137500
6,1476,540,738,2005,2005,3,3,173500
6,1369,300,672,1925,1950,2,0,103600
6,1208,546,1208,1977,1977,2,2,165000
6,1839,416,1477,1957,2004,3,3,257500
6,1136,384,1136,1965,1965,2,0,140000
6,1441,440,855,1978,1978,2,1,148500
4,1774,779,1095,1900,1950,2,1,87000
5,792,240,768,1924,2006,3,1,109500
8,2046,834,2046,2008,2008,3,3,372500
5,988,572,988,1961,1961,2,1,128500
6,923,264,923,1980,1980,2,2,143000
5,1520,281,793,1932,2000,2,1,159434
6,1291,431,1291,1996,1997,3,1,173000
9,1668,702,1626,2002,2002,3,0,285000
7,1839,486,1195,1998,1998,2,3,221000
7,2090,577,1190,1984,1984,3,3,207500
7,1761,578,874,2007,2007,3,3,227875
7,1102,480,551,2004,2004,3,1,148800
8,1419,567,1419,2007,2007,3,2,392000
6,1362,460,1362,2005,2006,3,0,194700
6,848,420,848,2004,2004,3,2,141000
10,4316,832,2444,1994,1995,4,3,755000
7,2519,628,1210,1989,1990,3,2,335000
5,1073,326,1073,1921,1968,2,0,108480
5,1539,576,927,1936,1950,2,1,141500
6,1137,551,1112,1987,1987,3,1,176000
5,616,205,616,1921,1950,2,1,89000
5,1148,308,980,1952,1952,2,1,123500
5,894,336,894,1965,2009,2,1,138500
7,1391,530,1391,2004,2004,3,0,196000
8,1800,765,1800,2002,2002,3,3,312500
7,1164,528,1164,1969,1969,2,1,140000
8,2576,666,1234,2006,2006,4,3,361919
5,1812,672,360,1900,1996,3,1,140000
7,1484,606,1473,2004,2005,3,2,213000
4,1092,0,0,1930,1950,1,0,55000
7,1824,739,1643,1971,2002,3,1,302000
8,1324,550,1324,2006,2006,3,3,254000
7,1456,400,728,2007,2007,3,3,179540
5,904,408,876,1966,1966,2,1,109900
3,729,0,270,1935,2003,2,0,52000
4,1178,384,859,1900,1950,2,2,102776
8,1228,472,1228,1988,1989,3,3,189000
4,960,576,960,1970,1970,2,1,129000
6,1479,475,725,1976,2005,3,2,130500
6,1350,478,1064,1974,1974,2,2,165000
7,2554,704,718,1890,1998,2,1,159500
5,1178,439,1176,1973,2000,3,1,157000
7,2418,983,1311,1993,1994,3,2,341000
5,971,300,971,1969,1969,2,1,128500
8,1742,564,1742,1985,1985,3,2,275000
6,848,420,848,2004,2004,3,0,143000
4,864,463,864,1970,1970,2,1,124500
4,1470,548,941,1954,1972,2,1,135000
9,1698,768,1698,2007,2008,4,0,320000
4,864,660,864,1970,1970,3,1,120500
6,1680,540,880,1988,2007,3,3,222000
7,1232,632,1232,2007,2007,3,0,194500
5,1776,888,1584,1958,1958,2,1,110000
4,1208,539,780,1925,1950,2,1,103000
8,1616,608,1595,1995,1996,3,2,236500
7,1146,438,868,2003,2003,3,0,187500
7,2031,541,1153,1998,1999,3,3,222500
5,1144,264,864,1961,1983,2,2,131400
5,948,300,948,1968,1968,2,1,108000
7,1768,320,880,1914,1970,2,1,163000
3,1040,400,0,1950,1950,2,1,93500
8,1801,800,893,2005,2005,3,0,239900
5,1200,0,1200,1987,1988,2,0,179000
7,1728,572,864,2004,2004,3,2,190000
5,1432,360,264,1910,2002,2,1,132000
6,912,288,912,1961,1996,3,0,142000
7,1349,539,1349,2000,2001,2,1,179000
5,1464,480,520,1963,1999,2,2,175000
8,1337,462,1337,1993,1993,3,2,180000
8,2715,831,1142,1976,1996,3,3,299800
7,2256,554,952,2000,2000,3,3,236000
7,2640,864,1240,1880,2003,3,1,265979
7,1720,527,1720,1996,1996,3,3,260400
4,1529,240,0,1945,1950,2,1,98000
4,1140,0,576,1910,2004,2,0,96500
7,1320,400,660,2003,2003,3,3,162000
6,1494,576,1479,1997,1997,3,2,217000
8,2098,878,1030,2005,2005,4,2,275500
6,1026,440,1026,1969,2005,3,2,156000
6,1471,440,729,1999,1999,2,1,172500
8,1768,578,866,2007,2007,3,2,212000
6,1386,440,672,1978,1978,2,3,158900
7,1501,440,744,1999,1999,2,1,179400
8,2531,752,1318,1995,1995,3,2,290000
6,864,300,864,1959,1959,2,1,127500
5,1301,440,1145,1924,1950,1,1,100000
7,1547,614,756,2009,2009,3,1,215200
8,2365,856,1252,1999,1999,3,0,337000
8,1494,481,1494,1995,1996,4,3,270000
9,1506,592,1498,2008,2008,4,0,264132
7,1714,496,980,1988,1988,2,1,196500
6,1750,423,983,1940,1985,2,1,160000
7,1836,484,1860,2004,2005,3,3,216837
8,3279,841,1650,2003,2003,4,3,538000
5,858,576,858,1982,1982,2,1,134900
4,1220,396,836,1951,1951,2,1,102000
6,1117,672,1029,1976,1976,2,0,107000
5,912,275,912,1958,1958,2,2,114500
8,1973,895,1935,2006,2006,3,3,395000
6,1204,412,1204,1998,1998,2,0,162000
7,1614,865,1614,2005,2006,3,2,221500
5,894,440,864,1974,1974,2,1,142500
5,2020,630,0,1977,1977,2,1,144000
6,1004,504,975,1977,1977,2,1,135000
7,1253,402,1237,1995,1996,2,3,176000
6,1603,484,761,1992,1992,3,2,175900
7,1430,605,1413,2001,2002,3,2,187100
5,1110,602,1097,1978,1978,3,3,165500
6,1484,0,742,1914,2001,2,0,128000
6,1342,457,1372,1967,1967,2,1,161500
5,1652,416,686,1915,1950,2,1,139000
7,2084,618,956,2004,2004,3,2,233000
4,901,281,901,1954,2000,2,1,107900
6,2087,444,832,1966,2007,3,3,187500
7,1145,397,1145,2005,2006,3,3,160200
6,1062,539,1029,1976,1976,2,2,146800
7,2013,455,1117,1996,1997,2,1,269790
8,1496,474,1496,2007,2007,3,0,225000
7,1895,409,712,1994,1996,3,3,194500
6,1564,476,650,1980,1981,2,1,171000
6,1285,528,660,1977,1977,2,2,143500
5,773,240,773,1953,1953,2,1,110000
9,3140,820,1926,2008,2009,4,3,485000
5,1768,240,731,1937,1950,3,1,175000
6,1688,603,616,1997,1997,3,2,200000
4,1196,440,1196,1916,1990,2,1,109900
7,1456,410,728,2005,2005,3,3,189000
9,2822,1020,1734,2008,2009,4,2,582933
5,1128,286,936,1954,1954,2,1,118000
7,1428,554,1417,2008,2008,4,2,227680
5,980,384,980,1967,1967,2,3,135500
5,1576,528,1324,1923,2004,3,2,223500
5,1086,484,1024,1966,1966,2,2,159950
5,2138,360,849,1898,1965,2,1,106000
6,1309,484,1040,1974,1999,3,2,181000
6,848,420,848,2004,2004,3,3,144500
5,1044,504,540,1952,1952,1,1,55993
6,1442,301,1442,1958,1958,2,2,157900
5,1250,280,686,1918,1950,1,0,116000
7,1661,598,1649,1998,1998,3,2,224900
5,1008,275,1008,1954,1954,2,0,137000
8,1689,857,1568,2002,2002,3,2,271000
6,1052,440,1010,1971,1971,2,1,155000
7,1358,484,1358,2009,2010,3,2,224000
7,1640,595,798,2003,2003,3,2,183000
4,936,576,936,1953,1953,2,1,93000
7,1733,433,847,2003,2003,3,3,225000
6,1489,240,778,1940,1950,2,1,139500
8,1489,776,1489,2006,2006,3,2,232600
10,2084,1220,2078,2007,2008,4,3,385000
5,784,0,784,1924,1950,3,0,109500
7,1434,527,1454,2001,2001,3,2,189000
5,2126,538,1013,1967,1967,2,3,185000
7,1223,480,600,2005,2005,3,2,147400
6,1392,458,1392,1957,1957,2,2,166000
7,1200,480,600,2005,2005,3,2,151000
7,1829,613,941,2003,2003,3,2,237000
6,1516,472,1516,1964,1964,2,2,167000
5,1144,456,1144,1961,1961,2,1,139950
4,1067,436,1067,1950,1995,3,1,128000
5,1559,812,1559,1948,1973,2,1,153500
6,987,264,483,1973,1973,2,1,100000
5,1099,352,1099,1995,2006,3,1,144000
5,1200,240,768,1946,1995,2,1,130500
6,1482,400,672,1925,1950,1,1,140000
5,1539,686,650,1904,2002,3,1,157500
6,1165,490,1127,1966,1966,2,2,174900
5,1800,0,1800,1961,1961,2,0,141000
5,1416,720,876,1915,1950,2,1,153900
5,1701,611,1390,1975,1981,2,3,171000
7,1775,425,740,1993,1993,3,0,213000
5,864,338,864,1972,1972,2,1,133500
6,2358,360,907,1908,1997,2,0,240000
6,1855,512,528,1976,1994,2,2,187000
6,848,420,848,2003,2003,3,3,131500
8,1456,400,1273,2003,2003,3,3,215000
7,1646,240,918,1941,1950,2,1,164000
6,1445,645,1127,1964,1964,2,2,158000
5,1779,454,1763,1955,1974,2,1,170000
5,1040,260,1040,1962,2010,2,1,127000
6,1026,576,940,1978,1978,2,1,147000
6,1481,343,702,1994,1995,2,3,174000
7,1370,479,1090,1976,1976,2,2,152000
6,2654,619,1054,1968,1984,3,0,250000
7,1426,216,912,1918,1998,3,1,189950
5,1039,504,1039,1965,1965,2,1,131500
6,1097,480,1040,1984,1985,2,1,152000
5,1148,672,1148,1959,1959,2,1,132500
7,1372,529,1372,2007,2008,3,3,250580
5,1002,902,1002,1970,1970,2,1,148500
8,1646,870,1638,2006,2007,3,2,248900
4,1120,544,1040,1961,1961,1,2,129000
5,2320,672,0,1948,1950,2,1,169000
7,1949,574,1050,1993,1994,3,3,236000
5,894,308,894,1962,1962,2,0,109500
6,1682,523,804,1998,1998,3,2,200500
5,910,414,105,1953,1996,3,1,116000
5,1268,288,832,1949,1950,2,1,133000
5,1131,200,676,1941,1950,2,1,66500
8,2610,550,1184,2007,2007,4,3,303477
4,1040,648,1064,1963,1963,2,1,132250
9,2224,738,1462,2004,2005,4,3,350000
5,1155,576,1109,1961,1995,3,1,148000
5,864,336,864,1978,2005,2,1,136500
5,1090,450,1090,2005,2006,2,3,157000
7,1717,400,1156,1990,1991,3,2,187500
6,1593,389,808,1992,1993,2,2,178000
4,2230,440,795,1912,1950,2,1,118500
5,892,288,892,1967,1967,2,2,100000
9,1709,506,1698,1999,2000,3,3,328900
5,1712,588,1626,1959,2005,2,3,145000
5,1393,300,816,1955,1955,2,1,135500
8,2217,621,2217,1970,1970,3,1,268000
6,1505,505,1505,1953,1953,2,2,149500
5,924,576,672,1949,2006,2,1,122900
6,1683,440,918,1978,1978,2,2,172500
6,1068,264,1059,1963,2003,2,2,154500
5,1383,354,1383,1954,1954,2,0,165000
5,1535,400,0,1979,1979,2,1,118858
6,1796,483,780,1963,1963,2,2,140000
4,951,327,951,1936,1950,2,1,106500
5,2240,528,0,1979,1979,2,1,142953
9,2364,820,2330,2009,2010,4,3,611657
5,1236,288,912,1961,1994,2,1,135000
4,858,684,858,1971,1971,2,1,110000
5,1306,756,992,1957,2000,2,1,153000
7,1509,393,783,2003,2003,3,3,180000
7,1670,690,1670,2006,2006,3,2,240000
5,902,288,876,1967,1967,2,1,125500
5,1063,280,1056,1954,1954,2,2,128000
8,1636,865,1623,2006,2006,3,2,255000
7,2057,180,1017,1936,1987,3,3,250000
5,902,484,864,1983,1983,2,1,131000
6,1484,390,742,2005,2005,3,3,174000
5,2274,480,1105,1960,1960,2,0,154300
5,1268,252,1268,1977,1989,3,1,143500
5,1015,450,768,1925,1950,2,1,88000
5,2002,871,1001,1949,1950,2,1,145000
6,1224,528,612,2009,2009,3,2,173733
4,1092,286,546,1970,1970,2,1,75000
2,480,308,480,1949,1950,2,0,35311
4,1229,284,1134,1956,1956,2,2,135000
7,2127,833,1104,1991,1991,3,2,238000
6,1414,601,1184,1958,2002,2,1,176500
6,1721,471,928,1994,1994,3,0,201000
5,2200,0,1272,1900,2003,2,0,145900
6,1316,397,1316,2005,2006,3,3,169990
6,1617,533,1604,1993,1994,3,0,193000
6,1686,612,1686,1980,1980,2,1,207500
5,1126,540,1126,1977,1977,4,2,175000
8,2374,656,1181,2003,2004,4,3,285000
7,1978,486,832,1968,1968,2,2,176000
8,1788,522,1753,2001,2001,4,2,236500
7,2236,642,964,1997,1997,3,3,222000
8,1466,610,1466,2007,2007,3,3,201000
5,925,429,925,1965,1965,2,1,117500
9,1905,788,1905,2006,2006,4,3,320000
7,1500,570,1500,2004,2004,3,2,190000
7,2069,505,585,1960,2007,3,2,242000
4,747,528,600,1926,1953,2,1,79900
7,1200,555,1176,2003,2003,3,2,184900
7,1971,689,1113,2005,2005,3,2,253000
7,1962,868,1391,2006,2006,3,2,239799
7,2403,349,1032,1940,1950,2,1,244400
6,1728,574,1728,1976,1976,2,1,150900
7,2060,390,992,1999,1999,3,2,214000
4,1440,0,1440,1977,1977,2,0,150000
5,1632,576,1632,1967,1967,2,1,143000
6,1344,525,819,1958,1958,3,2,137500
5,1869,456,1088,1890,1996,2,1,124900
5,1144,796,1144,1959,1959,2,2,143000
8,1629,808,1616,2002,2003,3,3,270000
7,1776,474,936,2002,2002,3,2,192500
6,1381,676,1161,1972,2006,3,0,197500
5,864,720,864,1950,2002,3,2,129000
5,965,300,828,1965,1965,2,1,119900
5,768,396,768,1972,2003,2,3,133900
5,1968,530,784,1969,1969,2,2,172000
6,980,0,945,1975,1975,2,0,127500
6,1958,492,979,1946,1950,2,1,145000
6,1229,462,561,1980,1980,2,3,124000
5,1057,576,1057,1962,1962,2,3,132000
7,1337,531,1337,2003,2003,3,2,185000
7,1416,484,696,1999,1999,3,1,155000
5,858,0,858,1958,2008,2,0,116500
6,2872,619,1330,1977,1995,2,3,272000
6,1548,440,804,1976,1976,3,1,155000
9,1800,702,1800,2007,2007,4,3,239000
7,1894,510,817,2002,2003,3,0,214900
6,1484,393,783,2005,2007,3,3,178900
5,1308,256,728,1940,1950,2,1,160000
5,1098,260,1098,1955,1955,2,0,135000
3,968,0,600,1910,1950,2,0,37900
6,1095,264,588,1958,1958,2,0,140000
4,1192,0,720,1949,1950,2,0,135000
7,1626,474,764,2003,2004,3,2,173000
6,918,264,918,1979,1979,2,1,99500
7,1428,480,1428,2007,2008,3,3,182000
7,2019,532,728,1910,1993,3,1,167500
7,1382,490,673,2000,2000,3,1,165000
4,869,0,440,1923,1958,1,0,85500
7,1241,569,1241,2006,2007,3,0,199900
4,894,400,894,1954,1954,2,1,110000
5,1121,480,1121,1963,1963,2,1,139000
7,999,588,944,1961,2007,4,2,178400
8,2612,676,1225,1998,1999,3,3,336000
7,1266,388,1266,2007,2007,3,3,159895
8,2290,779,1128,2002,2002,3,1,255900
5,1734,539,0,1977,1977,3,1,126000
5,1164,240,1164,1950,1950,2,1,125000
6,1635,255,485,1910,2003,3,1,117000
9,1940,606,1930,2009,2010,4,3,395192
6,2030,551,848,1976,1976,3,3,195000
7,1576,614,770,2006,2006,3,2,197000
8,2392,870,1396,1997,1998,3,3,348000
8,1742,424,916,1882,1986,3,1,168000
6,1851,440,822,1964,1993,3,2,187000
6,1500,564,750,2005,2006,3,2,173900
10,1718,786,1700,2006,2007,4,3,337500
4,1230,305,747,1946,1950,2,1,121600
5,1050,368,1050,1961,1961,2,1,136500
6,1442,615,1442,1970,1970,2,2,185000
3,1077,210,1007,1922,1950,2,1,91000
7,1208,632,1187,2006,2006,3,2,206000
3,944,528,0,1952,1952,1,1,82000
5,691,216,691,1920,1950,4,1,86000
8,1574,824,1574,2006,2006,3,2,232000
5,1680,528,1680,1976,1976,2,1,136905
7,1504,457,1346,2005,2006,3,3,181000
5,985,328,985,1977,1977,2,1,149900
6,1657,484,1657,1970,1970,2,1,163500
4,1092,286,546,1970,1970,2,2,88000
7,1710,550,1710,2004,2005,3,0,240000
5,1522,0,1008,1926,1950,2,0,102000
5,1271,312,720,1948,1950,2,0,135000
5,1664,0,0,1965,1965,2,0,100000
6,1502,180,602,1923,1996,3,1,165000
5,1022,280,1022,1910,2006,2,1,85000
6,1082,240,1082,1948,1950,2,1,119200
8,1665,528,810,2001,2001,3,3,227000
7,1504,478,1504,1996,1996,3,3,203000
8,1360,565,1220,1984,1984,3,2,187500
7,1472,402,384,1991,1992,3,2,160000
7,1506,440,1362,2005,2005,3,0,213490
4,1132,451,1132,2005,2005,3,3,176000
7,1220,632,1199,2006,2006,3,2,194000
5,1248,160,912,1930,1950,2,1,87000
7,1504,437,1346,2005,2006,3,3,191000
8,2898,665,1565,1976,1976,3,3,287000
5,882,461,882,1972,1972,2,1,112500
5,1264,461,1268,1960,1960,2,1,167500
8,1646,800,1638,2007,2008,3,2,293077
5,1376,240,768,1941,1950,2,1,105000
6,1218,264,672,1972,1972,2,1,118000
5,1928,0,686,1916,1995,2,0,160000
7,3082,672,824,1920,1970,2,3,197000
8,2520,796,1338,1993,1993,3,2,310000
7,1654,900,1654,2002,2002,3,1,230000
5,954,240,920,1938,1950,1,1,119750
4,845,290,0,1957,1957,2,1,84000
9,1620,912,1620,2007,2008,4,3,315500
8,2263,905,1055,2001,2002,3,3,287000
4,1344,0,546,1970,2008,2,0,97000
4,630,286,630,1970,1970,2,1,80000
5,1803,484,1134,1957,2000,2,2,155000
6,1632,484,800,1966,2000,3,1,173000
6,1306,624,1306,2005,2005,3,0,196000
7,2329,514,1475,1990,1990,3,1,262280
8,2524,542,2524,1981,1981,3,3,278000
3,1733,452,0,1955,1955,2,1,139600
9,2868,716,1992,2005,2006,4,3,556581
5,990,672,990,1994,1995,2,1,145000
5,1771,336,0,1960,2006,2,1,115000
4,930,308,0,1946,2006,3,1,84900
7,1302,436,1302,2007,2007,3,3,176485
7,1316,440,1316,2007,2007,3,3,200141
6,1977,540,816,1964,1978,2,2,165000
5,1526,364,1216,1957,2002,2,0,144500
8,1989,586,1065,2002,2002,3,3,255000
6,1523,478,1193,1976,1976,2,3,180000
7,1364,484,1364,2005,2005,3,2,185850
7,1850,467,973,1994,1994,3,3,248000
9,2184,836,1104,2008,2008,4,3,335000
6,1991,432,854,1932,1950,2,1,220000
8,1338,582,1338,2001,2001,3,3,213500
3,894,1248,894,1935,1950,2,2,81000
5,2337,560,662,1900,1950,2,1,90000
6,1103,440,1103,1925,1980,3,0,110500
5,1154,480,1154,1966,1966,2,2,154000
7,2260,533,1306,1996,1997,3,0,328000
6,1571,380,799,1993,1994,2,2,178000
6,1611,442,780,1964,1964,2,2,167900
6,2521,576,942,1973,1973,2,0,151400
5,893,576,845,1949,2003,3,1,135000
5,1048,286,1048,1956,1956,2,1,135000
6,1556,441,727,1968,1968,2,0,154000
5,1456,280,810,1948,1950,2,1,91500
6,1426,440,690,1977,1977,2,3,159500
7,1240,826,1240,2006,2006,3,2,194000
7,1740,240,800,1940,1984,2,1,219500
5,1466,566,796,1936,1989,3,0,170000
5,1096,299,1096,1969,1969,2,3,138800
6,848,420,848,2004,2004,3,2,155900
5,990,299,990,1994,1994,2,1,126000
6,1258,528,1258,1971,2004,3,0,145000
5,1040,308,1040,1963,1963,2,3,133000
7,1459,527,1459,2002,2002,3,2,192000
6,1251,461,1251,1964,1964,2,0,160000
6,1498,409,691,1995,1996,2,3,187500
6,996,564,936,1992,1992,3,1,147000
4,1092,286,546,1973,1973,2,2,83500
8,1953,1043,1082,2005,2006,3,2,252000
7,1709,380,970,2004,2004,3,1,137500
8,1247,550,1247,2005,2005,3,3,197000
3,1040,400,0,1950,1950,2,1,92900
7,1252,462,600,1999,2000,3,0,160000
6,1694,576,1181,1925,1950,2,1,136500
5,1200,884,864,1965,1998,3,1,146000
5,936,308,936,1956,2000,2,3,129000
6,1314,440,1314,2006,2006,3,2,176432
6,1355,0,684,1914,2006,3,0,127000
8,1088,461,1074,1986,1986,3,2,170000
4,1324,240,672,1936,1950,2,1,128000
7,1601,478,1271,1978,1978,2,2,157000
2,438,246,290,1920,1950,1,1,60000
5,950,280,950,1971,1971,2,1,119500
5,1134,254,1010,1960,2002,2,0,135000
6,1194,539,655,1959,1959,2,3,159500
5,1302,440,630,1970,1970,2,1,106000
8,2622,712,1463,1994,1995,3,2,325000
7,1442,719,910,1990,1991,3,3,179900
7,2021,422,868,2006,2006,3,2,274725
6,1690,463,924,2000,2000,2,2,181000
8,1836,862,1836,2004,2005,3,3,280000
6,1658,431,773,1995,1996,2,3,188000
7,1964,483,803,1976,1976,2,2,205000
5,816,308,816,1957,1957,2,1,129900
5,1008,240,1008,1953,2006,3,1,134500
5,833,326,833,1954,2000,3,1,117000
8,1734,928,1734,2007,2007,4,0,318000
8,1419,527,408,2002,2002,3,3,184100
5,894,450,894,1967,2003,3,2,130000
5,1601,300,533,1958,1987,2,2,140000
5,1040,286,1040,1959,1959,2,2,133700
6,1012,308,1012,1920,1950,2,1,118400
7,1552,782,1552,2005,2006,3,0,212900
4,960,288,672,1956,1956,2,1,112000
5,698,0,698,1947,2008,2,0,118000
7,1482,392,384,1992,1992,3,3,163900
4,1005,672,1005,1955,1955,1,1,115000
7,1555,660,1373,2007,2007,3,3,174000
7,1530,630,1530,2004,2004,3,3,259000
7,1959,434,847,2004,2005,3,3,215000
5,936,672,936,1980,1980,2,1,140000
4,1981,576,1122,1928,1950,3,1,135000
5,974,0,974,1991,1992,2,0,93500
6,2210,205,1008,1880,1950,1,1,117500
8,2020,466,1128,1995,1995,3,2,239500
6,1600,460,916,1997,1997,2,3,169000
6,986,180,960,1926,1950,2,1,102000
6,1252,288,1032,1950,1950,2,1,119000
5,1020,0,780,1875,1996,2,0,94000
6,1567,714,1567,1977,1977,3,2,196000
5,1167,495,915,1920,1950,2,1,144000
5,952,840,952,1951,1951,2,1,139000
5,1868,484,780,1976,1976,3,1,197500
8,2828,1052,1466,2006,2007,3,2,424870
5,1006,0,1006,1959,1959,2,0,80000
4,924,280,672,1941,1950,1,1,80000
5,1576,225,1042,1928,1950,2,1,149000
6,1298,403,1298,1985,1985,3,0,180000
7,1564,234,704,1941,1950,1,1,174500
7,1111,288,572,1926,1950,2,1,116900
7,1482,324,650,1920,1988,2,1,143000
6,932,306,932,1950,1950,3,1,124000
5,1466,528,1466,1959,1959,1,3,149900
6,1811,470,1073,1956,2004,4,3,230000
6,816,432,816,1930,2007,2,1,120500
7,1820,492,864,1965,1988,3,1,201800
5,1437,528,1437,1976,2004,3,2,218000
5,1265,502,1219,1965,1999,3,2,179900
7,1314,626,1314,2007,2008,3,0,230000
8,1580,830,1580,2007,2008,3,2,235128
6,1876,540,901,1974,1974,3,2,185000
6,1456,440,855,1978,1978,2,1,146000
6,1640,924,1296,1954,2006,3,1,224000
5,894,450,894,1968,1968,2,0,129000
4,1258,400,1198,1969,1969,2,1,108959
5,1432,588,1360,1978,1978,3,1,194000
7,1502,644,1502,2009,2009,3,2,233170
8,1694,776,1694,2008,2008,3,0,245350
6,1671,472,959,2000,2000,2,3,173000
6,2108,540,1127,1935,1986,3,1,235000
10,3627,807,1930,1995,1996,3,3,625000
6,1118,358,1096,1977,1977,2,3,171000
6,1261,433,1261,1958,1958,2,2,163000
7,1250,625,625,2006,2007,3,3,171900
5,3086,0,1598,1946,1994,4,0,200500
6,2345,360,952,1932,1950,2,1,239000
8,2872,541,1683,1992,2000,3,3,285000
5,923,264,876,1984,1985,2,1,119500
6,1224,210,818,1926,2004,2,1,115000
5,1343,186,731,1921,1950,2,1,154900
5,1124,0,0,1954,1954,2,0,93000
7,2514,693,1216,1990,1991,2,3,250000
8,1652,482,1600,2008,2008,3,0,392500
10,4476,813,2396,1996,1996,4,3,745000
5,1130,720,1120,1920,1950,2,1,120000
5,1572,995,1572,1963,1963,2,2,186700
5,1221,392,784,1924,1950,2,1,104900
3,1699,420,978,1900,1970,2,1,95000
8,1624,757,1624,1994,1995,3,2,262000
7,1660,493,831,2002,2002,3,2,195000
7,1804,442,994,1999,1999,3,3,189000
4,1622,1356,1249,1961,1975,2,3,168000
8,1441,492,776,1999,2000,3,1,174000
5,1472,250,702,1925,1994,3,1,125000
6,1224,402,1224,1999,1999,2,3,165000
6,1352,299,663,1969,1969,2,3,158000
6,1456,400,728,2005,2005,3,0,176000
7,1863,660,879,2006,2006,3,3,219210
7,1690,225,815,1916,1950,2,0,144000
7,1212,573,1212,2001,2001,3,2,178000
4,1382,459,1051,1963,1979,2,0,148000
4,864,280,864,1970,1970,2,0,116050
7,1779,546,866,1998,1998,3,2,197900
5,1348,216,884,1925,1997,2,1,117000
7,1630,451,1630,2000,2001,3,1,213000
5,1074,495,1056,1975,1975,2,2,153500
7,2196,701,2158,1990,1991,3,2,271900
4,1056,384,1056,1966,1966,2,1,107000
6,1700,544,1682,2003,2003,3,2,200000
5,1283,506,931,1962,1980,2,1,140000
8,1660,500,1660,2006,2006,3,2,290000
6,1845,462,1055,1992,1992,3,2,189000
8,1752,492,559,1988,2005,2,2,164000
4,672,234,672,1941,1950,2,1,113000
4,960,364,648,1965,2001,2,1,145000
5,999,300,925,1962,1962,2,1,134500
5,894,384,894,1966,1966,2,0,125000
6,1902,539,0,1978,1978,2,1,112000
8,1314,552,1300,2009,2009,3,2,229456
4,912,0,0,1947,1950,2,0,80500
6,1218,0,672,1971,1971,2,0,91500
5,912,288,912,1964,1964,2,1,115000
5,1211,322,952,1968,1968,2,0,134000
6,1846,315,1040,1949,1950,2,1,143000
5,2136,528,2136,1951,1951,2,1,137900
7,1490,388,788,2004,2005,3,3,184000
6,1138,264,588,1958,1958,2,0,145000
6,1933,668,894,2007,2007,3,3,214000
5,912,576,912,1965,2008,3,1,147000
9,1702,1052,1702,2008,2008,4,3,367294
5,1507,404,1075,1960,1960,2,1,127000
5,2620,600,1361,1977,1977,2,2,190000
5,1190,540,1106,1962,1962,2,0,132500
4,1224,462,0,1962,1962,2,1,101800
5,1188,531,1188,1959,1959,2,2,142000
5,1964,0,940,1911,1950,2,0,130000
5,1784,180,747,1914,1950,2,1,138887
7,1626,474,764,2003,2003,3,2,175500
7,1948,434,847,2004,2005,3,0,195000
6,1141,484,1141,2005,2005,2,1,142500
8,1484,472,1476,2006,2006,4,2,265900
7,1768,543,884,2003,2003,3,0,224900
7,1689,954,1689,2007,2007,3,2,248328
7,1173,528,1053,1974,1974,3,2,170000
10,2076,850,2076,2006,2006,4,0,465000
8,1517,400,792,1929,1950,3,1,230000
6,1868,477,585,1984,2003,2,3,178000
7,1553,615,756,2005,2006,3,2,186500
6,1034,888,1012,1976,1976,2,1,169900
6,2058,396,735,1917,1950,2,1,129500
5,988,276,876,1950,1950,2,1,119000
7,2110,522,2110,1968,1968,4,3,244000
7,1405,478,1405,2003,2003,3,2,171750
5,874,288,864,1968,1968,2,2,130000
7,2167,518,1192,1974,2003,3,2,294000
7,1656,397,746,2003,2004,3,3,165400
6,1367,560,884,1931,1950,2,0,127500
8,1987,691,1986,1994,1994,3,3,301500
5,864,0,864,1922,1950,2,0,99900
7,1166,400,856,2005,2005,3,3,190000
6,1054,460,1054,1969,1969,2,1,151000
6,1675,502,841,1999,1999,2,3,181000
5,1050,338,1050,1956,1956,2,1,128900
4,1788,304,1104,1957,1989,2,1,161500
6,1824,520,764,1919,1950,2,1,180500
6,1337,511,1405,1998,1999,3,3,181000
7,1452,506,691,1999,1999,3,1,183900
7,1889,308,925,1910,1950,2,1,122000
9,2018,746,2002,2008,2009,4,3,378500
8,3447,1014,728,1935,1997,3,0,381000
5,1524,315,874,1958,1958,2,1,144000
7,1524,586,1332,1979,1979,3,3,260000
6,1489,462,1489,1968,1968,3,2,185750
5,935,288,935,1965,1965,2,1,137000
6,1357,312,1019,1959,2006,4,2,177000
5,1250,552,661,1910,2003,2,1,139000
5,1920,400,928,1948,1950,2,0,137000
6,1395,497,723,1972,1972,2,1,162000
6,1724,480,1680,1967,1976,2,2,197900
8,2031,577,1128,2002,2002,3,0,237000
4,1128,528,698,1920,1950,2,2,68400
7,1573,544,1573,2002,2002,3,2,227000
7,1339,484,1309,1990,1990,2,3,180000
5,1040,484,1040,1977,2008,3,1,150500
6,1824,0,912,1971,1971,2,0,139000
6,2447,336,804,1919,1990,3,1,169000
6,1412,280,780,1939,1950,2,1,132500
6,1328,528,1328,1963,1963,2,1,143000
5,1582,390,1624,1964,1964,2,1,190000
8,1659,499,1501,2000,2000,4,3,278000
8,1970,753,1085,2006,2006,4,3,281000
5,1152,484,1152,1964,1964,2,2,180500
5,1302,264,630,1972,1972,2,1,119500
5,2372,432,994,1892,1965,2,2,107500
7,1664,528,832,1976,1976,2,2,162900
5,864,572,864,1955,1990,2,1,115000
5,1052,288,1052,1968,1968,2,2,138500
5,1128,525,1120,1963,1963,2,2,155000
6,1072,525,547,2005,2006,2,3,140000
10,5642,1418,6110,2008,2008,4,3,160000
5,1246,305,1246,1959,1994,3,2,154000
7,1983,490,978,1999,1999,3,3,225000
6,1494,213,771,1942,1950,3,1,177500
8,2526,844,1165,1994,1994,3,0,290000
7,1616,834,1616,2005,2005,3,2,232000
7,1708,380,976,2004,2004,3,0,130000
9,1652,840,1652,2006,2007,4,3,325000
7,1368,474,1368,2005,2006,3,2,202500
5,990,480,990,1994,1995,2,1,138000
5,1122,528,924,1948,2005,3,1,147000
6,1294,496,1278,1991,1991,3,0,179200
7,1902,567,1902,1959,2002,4,3,335000
7,1274,508,1274,2005,2007,3,0,203000
8,2810,750,1453,1990,1990,3,2,302000
9,2599,779,1393,1999,1999,3,3,333168
4,948,280,948,1954,1954,2,0,119000
6,2112,576,952,1969,1969,2,1,206900
8,1630,860,1622,2008,2008,4,2,295493
7,1352,466,1352,2006,2007,3,0,208900
8,1787,748,1753,2001,2002,3,2,275000
4,948,248,864,1954,1954,2,1,111000
6,1478,442,1478,1957,1957,2,2,156500
3,720,287,0,1949,1950,2,1,72500
7,1923,564,750,1992,1992,3,2,190000
4,708,0,420,1940,1950,1,0,82500
8,1795,895,1795,2006,2007,3,2,147000
4,796,0,796,1922,1950,2,0,55000
3,774,0,544,1931,2006,3,0,79000
5,816,264,816,1982,2008,3,1,130500
6,2792,520,1510,1920,1950,2,1,256000
7,1632,462,935,1998,1998,2,3,176500
8,1588,825,1588,2006,2006,3,0,227000
5,954,576,911,1976,1976,2,1,132500
4,816,288,816,1938,1958,2,1,100000
5,1360,297,803,1938,1995,3,0,125500
5,1365,440,765,1970,1970,2,1,125000
6,1334,630,1350,1977,1977,2,2,167900
5,1656,506,1656,1973,1973,2,1,135000
4,693,0,693,1941,1950,1,0,52500
7,1861,492,916,2002,2002,3,2,200000
5,864,288,864,1972,1972,2,2,128500
4,872,480,858,1971,1971,2,1,123000
6,1114,576,1114,2003,2004,3,1,155000
8,2169,647,1284,2002,2002,3,2,228500
6,1913,342,896,1928,1950,2,0,177000
7,1456,440,728,2006,2006,3,3,155835
4,960,308,960,1920,1950,1,1,108500
7,2156,508,1568,1968,2003,2,2,262500
8,1776,712,1732,2006,2007,3,3,283463
7,1494,514,1482,1998,1998,3,2,215000
8,2358,0,684,1872,1987,2,0,122000
5,2634,968,1248,1969,1969,2,0,200000
6,1716,490,858,1962,1962,2,3,171000
6,1176,624,698,1937,2000,2,1,134900
8,3238,666,2033,1995,1996,3,3,410000
7,1865,839,992,2000,2000,3,0,235000
7,1920,487,570,1968,1992,3,2,170000
5,892,264,864,1966,1966,2,2,110000
5,1078,500,1078,1971,2008,2,3,149900
6,1573,440,756,2000,2000,3,1,177500
9,1980,770,1980,2004,2005,4,3,315000
5,2601,621,612,1921,1998,2,2,189000
7,1530,430,1530,2005,2005,3,3,260000
4,1738,368,715,1920,2007,2,1,104900
6,1412,432,616,2006,2007,3,3,156932
7,1200,480,600,2005,2005,3,2,144152
7,1674,663,814,2000,2000,3,2,216000
7,1790,588,873,1999,1999,3,2,193000
5,1475,336,757,1977,1977,2,2,127000
6,848,420,848,2003,2004,3,3,144000
8,1668,502,1657,2003,2003,3,3,232000
4,1374,338,840,1920,1950,2,3,105000
6,1661,377,992,1955,1996,3,2,165500
7,2097,583,1108,1998,1998,3,2,274300
10,2633,804,2633,2001,2002,4,2,466500
7,1958,936,1026,2005,2005,3,3,250000
8,1571,722,1571,2007,2007,3,3,239000
6,790,160,768,1930,1950,2,1,91000
5,1604,660,984,1941,1960,2,1,117000
6,987,264,483,1973,1973,2,1,83000
5,1394,400,384,2006,2007,3,3,167500
3,864,200,864,1914,1950,2,1,58500
6,2117,550,1205,1970,1970,2,3,237500
7,1762,576,596,1920,1950,3,1,157000
5,1416,576,816,1918,2007,3,1,112000
6,1258,280,560,1939,1950,2,1,105000
4,1154,240,796,1922,2007,3,1,125500
7,2784,564,1392,1978,1978,3,2,250000
6,2526,216,714,1916,1950,3,1,136000
9,1746,758,1746,2006,2007,4,3,377500
6,1218,440,735,1941,1950,2,1,131000
7,1525,541,1525,2000,2000,3,2,235000
5,1584,792,1584,1967,1967,2,1,124000
5,900,288,864,1967,1967,2,2,123000
6,1912,672,482,1905,2000,2,1,163000
7,1500,648,1356,2006,2006,3,3,246578
8,2482,642,1094,2005,2006,3,3,281213
5,1687,572,747,1948,1950,2,0,160000
5,1513,180,939,1920,2004,2,1,137500
5,1904,240,1208,1950,1982,2,1,138000
6,1608,216,976,1925,1990,3,1,137450
6,1158,208,862,1929,1950,2,2,120000
6,1593,398,839,2004,2004,2,0,193000
7,1294,662,1286,2006,2006,3,2,193879
8,1464,754,1485,2007,2007,3,1,282922
3,1214,936,672,1915,1950,2,1,105000
8,1646,482,1594,2004,2005,3,3,275000
5,768,396,768,1972,2007,2,1,133000
5,833,0,833,1985,1985,2,0,112000
4,1363,528,622,1910,1950,2,1,125500
7,2093,542,791,1986,1991,2,3,215000
7,1840,622,944,2001,2001,3,2,230000
6,1668,271,856,1950,2005,2,1,140000
4,1040,420,0,1949,1950,2,1,90000
8,1844,620,1844,2005,2006,3,3,257000
6,1848,370,833,1923,2000,3,1,207000
7,1569,660,1386,2007,2007,3,0,175900
4,2290,560,777,1885,1950,2,1,122500
8,2450,1069,1284,1998,1998,3,3,340000
5,1144,336,1144,1963,1963,2,1,124000
6,1844,540,1844,1969,1969,3,2,223000
6,1416,776,708,1968,1968,2,2,179900
6,1069,440,1069,1977,1977,2,2,127500
6,848,420,848,2003,2003,3,3,136500
6,2201,432,697,1966,1966,3,1,274970
5,1344,484,1024,1958,1983,2,1,144000
6,1252,528,1252,1959,1959,3,1,142000
7,2127,525,1223,1994,1994,3,2,271000
5,1558,288,913,1945,1950,2,1,140000
5,804,240,788,1940,1992,3,1,119000
6,1440,467,1440,1981,1981,3,3,182900
5,1838,372,732,2005,2005,2,3,192140
6,958,440,958,1976,1976,2,2,143750
4,968,216,656,1927,2007,2,1,64500
6,1792,451,936,2000,2000,2,3,186500
5,1126,484,1126,1977,1977,2,2,160000
6,1537,462,1319,1962,2005,3,2,174000
4,864,528,864,1971,1971,2,1,120500
8,1932,774,1932,2008,2008,4,3,394617
6,1236,923,912,1957,1996,2,0,149700
7,1725,550,539,1979,1979,2,2,197000
6,2555,672,588,1922,1994,2,3,191000
6,848,420,848,2004,2004,3,2,149300
10,2007,812,1017,2008,2008,4,0,310000
6,952,192,952,1916,1950,1,1,121000
7,1422,626,1422,2004,2004,3,2,179600
6,913,240,814,1966,1966,2,1,129000
5,1188,312,1188,1962,1962,2,1,157900
8,2090,556,1220,1995,1996,3,2,240000
4,1346,384,560,1910,2000,2,1,112000
5,630,0,630,1970,1970,4,0,92000
5,1792,0,896,1974,1974,2,0,136000
8,1578,840,1573,2008,2009,4,0,287090
5,1072,525,547,2005,2005,2,3,145000
5,1140,0,1140,2006,2006,2,0,84500
7,1221,400,1221,2004,2005,3,2,185000
6,1647,460,953,1999,2000,2,2,175000
6,2073,500,1542,1978,1988,2,1,210000
7,2340,252,1152,1941,2006,3,2,266500
5,1078,240,1078,1950,1996,3,1,142125
5,1256,276,1256,1965,1965,2,3,147500
